{
    "ordering": [
        [
            "A1"
        ],
        [
            "A2"
        ],
        [
            "A3"
        ],
        [
            "A4"
        ],
        [
            "A5"
        ],
        [
            "A6"
        ],
        [
            "A7"
        ],
        [
            "A8"
        ],
        [
            "A9"
        ],
        [
            "A10"
        ],
        [
            "A11"
        ],
        [
            "A12"
        ]
    ],
    "brand": {
        "brand": "Axygen",
        "brandId": [
            "RES-MW12-HP-S"
        ]
    },
    "metadata": {
        "displayName": "axygen 12 reservoir 22ml",
        "displayCategory": "reservoir",
        "displayVolumeUnits": "µL",
        "tags": []
    },
    "dimensions": {
        "xDimension": 127.76,
        "yDimension": 85.5,
        "zDimension": 44.1
    },
    "wells": {
        "A1": {
            "depth": 43,
            "totalLiquidVolume": 2200,
            "shape": "rectangular",
            "xDimension": 8.2,
            "yDimension": 71.88,
            "x": 14.4,
            "y": 42.6,
            "z": 1.1
        },
        "A2": {
            "depth": 43,
            "totalLiquidVolume": 2200,
            "shape": "rectangular",
            "xDimension": 8.2,
            "yDimension": 71.88,
            "x": 23.4,
            "y": 42.6,
            "z": 1.1
        },
        "A3": {
            "depth": 43,
            "totalLiquidVolume": 2200,
            "shape": "rectangular",
            "xDimension": 8.2,
            "yDimension": 71.88,
            "x": 32.4,
            "y": 42.6,
            "z": 1.1
        },
        "A4": {
            "depth": 43,
            "totalLiquidVolume": 2200,
            "shape": "rectangular",
            "xDimension": 8.2,
            "yDimension": 71.88,
            "x": 41.4,
            "y": 42.6,
            "z": 1.1
        },
        "A5": {
            "depth": 43,
            "totalLiquidVolume": 2200,
            "shape": "rectangular",
            "xDimension": 8.2,
            "yDimension": 71.88,
            "x": 50.4,
            "y": 42.6,
            "z": 1.1
        },
        "A6": {
            "depth": 43,
            "totalLiquidVolume": 2200,
            "shape": "rectangular",
            "xDimension": 8.2,
            "yDimension": 71.88,
            "x": 59.4,
            "y": 42.6,
            "z": 1.1
        },
        "A7": {
            "depth": 43,
            "totalLiquidVolume": 2200,
            "shape": "rectangular",
            "xDimension": 8.2,
            "yDimension": 71.88,
            "x": 68.4,
            "y": 42.6,
            "z": 1.1
        },
        "A8": {
            "depth": 43,
            "totalLiquidVolume": 2200,
            "shape": "rectangular",
            "xDimension": 8.2,
            "yDimension": 71.88,
            "x": 77.4,
            "y": 42.6,
            "z": 1.1
        },
        "A9": {
            "depth": 43,
            "totalLiquidVolume": 2200,
            "shape": "rectangular",
            "xDimension": 8.2,
            "yDimension": 71.88,
            "x": 86.4,
            "y": 42.6,
            "z": 1.1
        },
        "A10": {
            "depth": 43,
            "totalLiquidVolume": 2200,
            "shape": "rectangular",
            "xDimension": 8.2,
            "yDimension": 71.88,
            "x": 95.4,
            "y": 42.6,
            "z": 1.1
        },
        "A11": {
            "depth": 43,
            "totalLiquidVolume": 2200,
            "shape": "rectangular",
            "xDimension": 8.2,
            "yDimension": 71.88,
            "x": 104.4,
            "y": 42.6,
            "z": 1.1
        },
        "A12": {
            "depth": 43,
            "totalLiquidVolume": 2200,
            "shape": "rectangular",
            "xDimension": 8.2,
            "yDimension": 71.88,
            "x": 113.4,
            "y": 42.6,
            "z": 1.1
        }
    },
    "groups": [
        {
            "metadata": {
                "wellBottomShape": "v"
            },
            "wells": [
                "A1",
                "A2",
                "A3",
                "A4",
                "A5",
                "A6",
                "A7",
                "A8",
                "A9",
                "A10",
                "A11",
                "A12"
            ]
        }
    ],
    "parameters": {
        "format": "irregular",
        "quirks": [
            "centerMultichannelOnWells",
            "touchTipDisabled"
        ],
        "isTiprack": false,
        "isMagneticModuleCompatible": false,
        "loadName": "axygen_12_reservoir_22ml"
    },
    "namespace": "custom_beta",
    "version": 1,
    "schemaVersion": 2,
    "cornerOffsetFromSlot": {
        "x": 0,
        "y": 0,
        "z": 0
    }
}